host,scenario,N,steps,fourier_seconds,real_seconds
150428135,TP,100,20,9.576124627987156,5.842282509896904
150428135,EB,200,30,15.0625313189812,3.488101494964212
150428135,EBx2P,200,30,28.947819937980967,7.580546444980428
150428135,PTP,100,20,3.254534906009212,0.8943189030978829
150428135,PEB,200,30,17.49301092600217,3.372559974901378
150428135,PEBx2P,200,30,19.01067464100197,9.311667149187997
150428135,STP,500,50,36.854583498992724,9.283292385051027
150428135,SEB,200,50,21.154883743991377,5.380375365028158
150428135,SEBx2P,100,20,1.7180429910076782,3.655834045028314
150428135,DTP,100,20,3.179624188982416,0.8668415199499577
150428135,DEB,200,30,18.847895381011767,3.169331072131172
150428135,DEBx2P,200,30,8.530709683021996,7.385615312959999
150428135,BTP,200,30,25.323376539017772,4.618547630030662
150428135,BEB,500,50,144.6381239760085,31.06149836885743
150428135,BEBx2P,200,50,126.79085648301407,29.514287628931925
736940566,NTP,100,20,3.950850254012039,1.090880653820932
736940566,NEB,200,30,63.146373822004534,7.2448242178652436
736940566,NEBx2P,200,30,37.50222006000695,13.172525650123134
150428138,NTP,100,20,5.587214341998333,1.2831228598952293
150428138,NEB,200,30,53.239813110994874,8.27044001989998
150428138,NEBx2P,200,30,71.22524655400775,14.736768509959802
736940558,NTP,100,20,4.147419028013246,0.9943805139046162
736940558,NEB,200,30,64.31520741799613,8.231100013945252
736940558,NEBx2P,200,30,46.6026867289911,12.953598510939628
150428133,NTP,100,20,6.101627845026087,1.4554048380814493
150428133,NEB,200,30,58.74966797500383,9.011370389023796
150428133,NEBx2P,200,30,30.793376374989748,8.820888487854972
736940565,NTP,100,20,4.101779671997065,0.9780888319946826
736940565,NEB,200,30,66.07387264198042,8.476573691004887
736940565,NEBx2P,200,30,60.72882046501036,14.170390240149572
150428129,NTP,100,20,5.284325731015997,1.282466865843162
150428129,NEB,200,30,61.0859565710125,8.298434374155477
150428129,NEBx2P,200,30,49.80286227702163,12.734541738871485
